"Name","Platform","Category","Status","Confidence","Type","Evidence","Note","Local Path","Problem URL","Source Files","Build Files"
"Cookie Selection","Kattis","","Solved/Organized","High","","Inserts cookie sizes and prints/removes a median when input is `#`.","","problems\kattis\cookie-selection","https://open.kattis.com/problems/cookieselection","cookie.cpp, cookieworng.cpp","cookie.exe"
"Babelfish","Kattis / ICPC archive","","Solved/Organized","High","","Dictionary lines followed by query words; unknown words print `eh`.","","problems\kattis\babelfish","https://open.kattis.com/problems/babelfish","babel.cpp","babel.exe"
"C++ Basics: Const Assignment Error","Practice","C++ Basics","Practice","N/A","Practice / language basics","Attempts to assign to a `const int`.","","problems\practice\cpp-basics\paps2-const-assignment","","paps2.cpp",""
"C++ Basics: Division By Zero","Practice","C++ Basics","Practice","N/A","Practice / language basics","Attempts integer division with both operands set to zero.","","problems\practice\cpp-basics\paps4-division-by-zero","","paps4.cpp","paps4.exe"
"C++ Basics: Integer Overflow","Practice","C++ Basics","Practice","N/A","Practice / language basics","Starts from `INT_MAX` and increments it.","","problems\practice\cpp-basics\paps3-integer-overflow","","paps3.cpp","paps3.exe"
"C++ Basics: Syntax Errors","Practice","C++ Basics","Practice","N/A","Practice / language basics","Contains intentionally invalid/preliminary syntax such as `#define < iostream>`.","","problems\practice\cpp-basics\paps5-syntax-errors","","paps5.cpp",""
"C++ Basics: Variable Trace","Practice","C++ Basics","Practice","N/A","Practice / language basics","Simple variable assignment and arithmetic trace.","","problems\practice\cpp-basics\paps1-variable-trace","","paps1.cpp","paps1.exe"
"Hello World","Practice","C++ Basics","Practice","N/A","Practice / language basics","Prints `hello world`.","","problems\practice\cpp-basics\hello-world","","ruzgarcicekli.cpp",""
"Matrix Permanent Practice","Practice","Practice","Practice","N/A","Practice / algorithm exercise","Recursive minor expansion over a matrix, named `perm.cpp`.","","problems\practice\matrix-permanent","","perm.cpp, sample-input.txt","perm.exe"
"Reverse Iterator Demo","Practice","Practice","Practice","N/A","Practice / C++ STL exercise","Demonstrates `vector<int>::rbegin()` and `rend()`.","","problems\practice\reverse-iterator-demo","","rit.cpp","rit.exe"
"Selection Sort Practice","Practice","Practice","Practice","N/A","Practice / algorithm exercise","Implements selection sort on a fixed integer array.","","problems\practice\selection-sort","","selection_sort.cpp","selection_sort.exe"
"Vector Functions Practice","Practice","Practice","Practice","N/A","Practice / course exercise","Implements `backwards`, `everyOther`, `smallest`, `sum`, and `veryOdd` with a local test harness.","","problems\practice\vector-functions","","vectorfunctions.cpp, vectorfunctions.h","vectorfunctions.exe"
"Code Runner Scratch: Counting Hours","Scratch","Scratch","Solved/Organized","Low","Scratch / temporary editor output","Former `tempCodeRunnerFile.cpp` from the counting-hours folder.","","problems\scratch\code-runner\counting-hours","","tempCodeRunnerFile.cpp","tempCodeRunnerFile.exe"
"Code Runner Scratch: Getting Started","Scratch","Scratch","Solved/Organized","Low","Scratch / temporary editor output","Former `tempCodeRunnerFile.cpp` from the getting-started folder.","","problems\scratch\code-runner\getting-started","","tempCodeRunnerFile.cpp","tempCodeRunnerFile.exe"
"Unidentified: Average IQ Transfer","Unidentified","Unidentified","Needs Identification","Medium","","Counts Computer Science students whose transfer to Economics would increase both average IQs.","The problem statement pattern is recognizable, but the exact online judge/title was not confirmed from the local file name.","problems\unidentified\average-iq-transfer","","blankline.cpp","blankline.exe"
"Unidentified: Counting Days","Unidentified","Unidentified","Needs Identification","Medium","","Tracks day increments when clock readings wrap past midnight; test header mentions a Kattis sample scenario.","The file names suggest the task, but the exact judge/problem title was not confirmed.","problems\unidentified\counting-days","","countingdays.h, countinghours.cpp",""
"Unidentified: Drunk Sequence","Unidentified","Unidentified","Needs Identification","Low","","Reads `N` strings and tracks occurrences of the word `drunk`.","File name says `binary_search.cpp`, but the code is not binary search and does not include enough output/problem context.","problems\unidentified\drunk-sequence","","binary_search.cpp","binary_search.exe"
"Unidentified: Energy Saving Lamps","Unidentified","Unidentified","Needs Identification","Low","","Compares incandescent and low-energy lamp cost formulas using hours and price.","No platform-specific input/output markers or distinctive problem title found in the file.","problems\unidentified\energy-saving-lamps","","lamps.cpp","lamps.exe"
"Unidentified: Incomplete Photo","Unidentified","Unidentified","Incomplete","Low","","Reads `N` and a partial vector, then stops mid-loop.","The file is incomplete and has too little context to identify the original problem safely.","problems\unidentified\incomplete-photo","","photo.cpp",""
"Mixing Milk","USACO","Bronze","Solved/Organized","High","","Three bucket capacities/amounts and 100 cyclic pour simulation.","","problems\usaco\bronze\2018-dec-mixing-milk","https://usaco.org/index.php?page=viewproblem2&cpid=855","mixingmilk.cpp","mixingmilk.exe"
"Shell Game","USACO","Bronze","Solved/Organized","High","","Repeated shell swaps `a b` and guess `g`, trying all three starting shells.","","problems\usaco\bronze\2019-jan-shell-game","https://usaco.org/index.php?cpid=891&page=viewproblem2","shellgame.cpp, shellgameusaco.cpp","shellgame.exe, shellgameusaco.exe"
"Speeding Ticket","USACO","Bronze","Needs Review","High","","`speedticket.cpp` name, `n m` road/Bessie segment input, 100-mile speed arrays.","Current solution appears to count speeding miles, while the official problem asks for the maximum speed over the limit.","problems\usaco\bronze\2015-dec-speeding-ticket","https://usaco.org/index.php?cpid=568&page=viewproblem2","sample-input.txt, speedticket.cpp, speedticketcorr.cpp",""
